2026-10-07T23:08:34Z	S-686-37	13	(epinephrine[tiab] OR adrenaline[tiab]) AND (hyperalgesia[tiab] OR hyperalgesic[tiab] OR sensitization[tiab]) AND (duration[tiab] OR "time course"[tiab] OR prolonged[tiab] OR "dose-dependent"[tiab] OR "dose-response"[tiab]) AND (skin[tiab] OR intradermal[tiab] OR cutaneous[tiab] OR intraplantar[tiab] OR paw[tiab])
2026-10-07T23:09:48Z	S-686-42	0	10.1016/j.jaad.2009.09.061[doi]
2026-10-07T23:09:48Z	S-686-42	1	10.1016/j.jaad.2009.08.046[doi]
2026-10-07T23:10:55Z	S-686-42	0	Foldes FF[Author] AND JAMA[Journal] AND 1960[dp] AND toxicity
2026-10-07T23:10:55Z	S-686-42	1	comparison of toxicity of intravenously given local anesthetic agents in man
2026-10-07T23:11:24Z	S-686-27	0	(Mang W[Author] OR Mang WL[Author]) AND (Prilocain*[tiab] OR Liposuktion[tiab] OR liposuction[tiab] OR Tumeszenz*[tiab])
2026-10-07T23:11:37Z	S-686-38	24	("nerve blood flow"[tiab] OR "endoneurial blood flow"[tiab] OR "intraneural blood flow"[tiab] OR "neural blood flow"[tiab] OR "nerve perfusion"[tiab] OR "nerve oximetry"[tiab] OR "nerve oxygen"[tiab]) AND (epinephrine[tiab] OR adrenaline[tiab] OR vasoconstrictor*[tiab])
2026-10-07T23:11:56Z	S-686-23	4	("liposomal bupivacaine"[tiab] OR "liposome bupivacaine"[tiab] OR "bupivacaine liposome"[tiab] OR exparel[tiab]) AND (intradermal[tiab] OR intracutaneous[tiab] OR wheal[tiab] OR wheals[tiab] OR "Injections, Intradermal"[Mesh] OR subdermal[tiab] OR dermal[tiab])
2026-10-07T23:12:15Z	S-686-38	20	("nerve blood flow"[tiab] OR "endoneurial blood flow"[tiab] OR "intraneural blood flow"[tiab] OR "neural blood flow"[tiab] OR "nerve perfusion"[tiab] OR "nerve oxygen"[tiab] OR "nerve tissue oximetry"[tiab]) AND (lidocaine[tiab] OR lignocaine[tiab] OR bupivacaine[tiab] OR levobupivacaine[tiab] OR ropivacaine[tiab] OR mepivacaine[tiab] OR articaine[tiab] OR "local anesthetic"[tiab] OR "local anesthetics"[tiab] OR "local anaesthetic"[tiab] OR "local anaesthetics"[tiab] OR clonidine[tiab] OR dexmedetomidine[tiab] OR dexamethasone[tiab])
2026-10-07T23:12:28Z	S-686-23	23	("liposomal bupivacaine"[tiab] OR "liposome bupivacaine"[tiab] OR "bupivacaine liposome"[tiab] OR exparel[tiab]) AND (Mohs[tiab] OR dermatolog*[tiab] OR "skin cancer"[tiab] OR "cutaneous surgery"[tiab] OR "skin surgery"[tiab] OR hidradenitis[tiab] OR "skin graft"[tiab] OR "donor site"[tiab] OR "Dermatologic Surgical Procedures"[Mesh] OR "Mohs Surgery"[Mesh])
2026-10-07T23:13:05Z	S-686-07	0	Agrifoglio G[Author] AND (EMLA OR debridement OR leg ulcer)
2026-10-07T23:13:05Z	S-686-07	0	Noonan L[Author] AND Burge SM[Author]
2026-10-07T23:13:15Z	S-686-07	21	(EMLA[tiab] OR "lidocaine-prilocaine"[tiab] OR "lidocaine/prilocaine"[tiab] OR "Lidocaine, Prilocaine Drug Combination"[Mesh]) AND (ulcer[tiab] OR ulcers[tiab] OR wound[tiab] OR wounds[tiab] OR debridement[tiab]) AND (methemoglobin[tiab] OR methaemoglobin[tiab] OR methemoglobinemia[tiab] OR methaemoglobinaemia[tiab] OR "plasma concentration"[tiab] OR "plasma concentrations"[tiab] OR "plasma levels"[tiab] OR accumulation[tiab] OR repeated[tiab] OR daily[tiab])
2026-10-07T23:14:04Z	S-686-38	31	(clonidine[tiab] OR dexmedetomidine[tiab] OR dexamethasone[tiab] OR "alpha-2 agonist"[tiab] OR "alpha2-agonist"[tiab]) AND (sciatic[tiab] OR "peripheral nerve"[tiab] OR "median nerve"[tiab] OR "nerve trunk"[tiab] OR perineural[tiab]) AND ("blood flow"[tiab] OR perfusion[tiab] OR "laser Doppler"[tiab] OR oximetry[tiab] OR "oxygen saturation"[tiab] OR ischemia[tiab] OR ischaemia[tiab])
2026-10-07T23:14:57Z	S-686-44	0	Nylen B[Author] AND Octapressin
2026-10-07T23:14:57Z	S-686-44	13	(Klingenstroem P[Author] OR Klingenstrom P[Author] OR "Klingenstroem"[Author])
2026-10-07T23:15:16Z	S-686-44	4	("tissue oxygen"[tiab] OR "oxygen tension"[tiab] OR polarograph*[tiab]) AND (epinephrine[tiab] OR adrenaline[tiab] OR felypressin[tiab] OR octapressin[tiab]) AND (skin[tiab] OR cutaneous[tiab] OR subcutaneous[tiab] OR forearm[tiab]) AND ("local anaesthesia"[tiab] OR "local anesthesia"[tiab] OR lidocaine[tiab] OR infiltration[tiab] OR injection[tiab])
2026-10-07T23:15:16Z	S-686-44	31	(felypressin[tiab] OR octapressin[tiab] OR "felypressin"[MeSH]) AND (skin[tiab] OR cutaneous[tiab] OR cyanosis[tiab] OR "blood flow"[tiab] OR oxygen[tiab])
2026-10-07T23:15:16Z	S-686-44	3	("transcutaneous oxygen"[tiab] OR "tcpO2"[tiab] OR "TcPO2"[tiab] OR "oxygen saturation"[tiab]) AND (lidocaine[tiab] OR lignocaine[tiab] OR "local anesthetic"[tiab]) AND (epinephrine[tiab] OR adrenaline[tiab]) AND (skin[tiab] OR cutaneous[tiab] OR flap[tiab])
2026-10-07T23:15:16Z	S-686-44	48	Bjorlin G[Author]
2026-10-07T23:21:17Z	S-686-47	39	(plasma epinephrine OR plasma catecholamine*) AND (dental OR intraoral OR oral surgery) AND (local anesthe* OR lidocaine) AND (cardiac OR cardiovascular disease OR coronary OR hypertensive)
2026-10-07T23:25:37Z	S-686-38	17	dexamethasone[tiab] AND (vasoconstriction[tiab] OR vasoconstrictor[tiab] OR blanching[tiab] OR "skin blood flow"[tiab]) AND (skin[tiab] OR cutaneous[tiab] OR intradermal[tiab] OR dermal[tiab]) AND humans[mh]
2026-10-07T23:33:15Z	S-686-01	1	Hillerup S[Author] AND articaine AND sciatic nerve
2026-10-07T23:33:23Z	S-686-23	7	(HTX-011[tiab] OR Zynrelef[tiab] OR "bupivacaine and meloxicam"[tiab] OR "bupivacaine/meloxicam"[tiab] OR "bupivacaine-meloxicam"[tiab]) AND (approv*[tiab] OR "Food and Drug Administration"[tiab] OR FDA[tiab] OR "European Medicines Agency"[tiab])
2026-10-07T23:33:23Z	S-686-23	2	(Xaracoll[tiab] OR "INL-001"[tiab] OR "bupivacaine collagen"[tiab] OR "bupivacaine implant"[tiab] OR "bupivacaine-collagen"[tiab]) AND (approv*[tiab] OR FDA[tiab] OR "Food and Drug Administration"[tiab])
2026-10-07T23:33:23Z	S-686-23	10	(Posimir[tiab] OR "SABER-bupivacaine"[tiab] OR "SABER-Bupivacaine"[tiab] OR "sucrose acetate isobutyrate"[tiab]) AND bupivacaine[tiab]
2026-10-07T23:34:06Z	S-686-23	3	(Posimir[tiab] OR "SABER-bupivacaine"[tiab] OR "SABER bupivacaine"[tiab]) AND (approv*[tiab] OR FDA[tiab] OR "Food and Drug Administration"[tiab])
2026-10-07T23:34:06Z	S-686-23	9	("extended-release"[tiab] OR "prolonged-release"[tiab] OR "sustained-release"[tiab] OR "long-acting"[tiab]) AND (bupivacaine[tiab] OR "local anesthetic"[tiab] OR "local anesthetics"[tiab] OR "local anaesthetic"[tiab] OR "local anaesthetics"[tiab]) AND (approved[tiab] OR approval[tiab]) AND (Zynrelef[tiab] OR Xaracoll[tiab] OR Posimir[tiab] OR "HTX-011"[tiab] OR "bupivacaine implant"[tiab] OR meloxicam[tiab])
2026-10-07T23:35:35Z	S-686-48	14	(amethocaine OR tetracaine OR Ametop) AND (EMLA OR lidocaine-prilocaine OR lignocaine-prilocaine) AND (child OR children OR paediatric OR pediatric) AND 1997:1999[dp]
2026-10-07T23:36:16Z	S-686-12	3	Hillerup S[Author] AND articaine
2026-10-07T23:36:16Z	S-686-18	12	Vlassakov KV[Author] AND Kissin I[Author]
2026-10-07T23:36:21Z	S-686-48	1	Ormandy[Author] AND (amethocaine OR tetracaine OR EMLA OR anaesthesia OR anesthesia OR cannulation)
2026-10-07T23:36:21Z	S-686-48	1	(amethocaine OR tetracaine OR Ametop) AND (EMLA OR prilocaine) AND (cannulation OR venous OR intravenous) AND (induction OR "day case" OR "day surgery" OR daycase)
2026-10-07T23:36:36Z	S-686-48	125	(amethocaine OR Ametop OR "tetracaine gel") AND (EMLA OR "lidocaine-prilocaine" OR "lignocaine-prilocaine")
2026-10-07T23:36:49Z	S-686-01	1	Nizharadze N[Author] AND articaine
2026-10-07T23:36:49Z	S-686-01	1	El-Qutob D[Author] AND articaine
2026-10-07T23:37:24Z	S-686-12	0	Legarth J[Author] AND lingual
2026-10-07T23:37:24Z	S-686-12	3	Rahn R[Author] AND Ultracain
2026-10-07T23:37:24Z	S-686-12	2	Haas DA[Author] AND Lennon D[Author]
2026-10-07T23:37:31Z	S-686-48	3	Lander J[Author] AND (EMLA OR amethocaine) AND Cochrane
2026-10-07T23:37:35Z	S-686-12	0	Tandlaegebladet[Journal] AND lingualis
2026-10-07T23:37:35Z	S-686-12	0	Rahn R[Author] AND 2000[dp] AND (Nebenwirkungen OR Lokalanästhesie OR local anesthesia)
2026-10-07T23:37:58Z	S-686-43	0	Tang DT[Author] AND "Nerve entrapment: update"[Title]
2026-10-07T23:37:58Z	S-686-43	6	"Boston Carpal Tunnel Questionnaire"[tiab] AND ("Rasch"[tiab] OR "factor structure"[tiab] OR "items"[tiab]) AND "symptom severity"[tiab] AND free full text[sb]
2026-10-07T23:38:07Z	S-686-01	3	(articaine OR carticaine) AND (nerve OR nerves OR neural) AND (histolog* OR histopatholog* OR morpholog* OR stereolog* OR morphometr*) AND (rat OR rats OR rabbit OR rabbits OR mice OR dogs OR animals)
2026-10-07T23:38:21Z	S-686-01	39	(articaine OR carticaine) AND (neurotoxicity OR neurotoxic OR "nerve injury" OR "nerve damage" OR axonal OR demyelination OR Wallerian)
2026-10-07T23:38:32Z	S-686-05	1	Manchikanti[Author] AND Hirsch[Author] AND "epidural steroid" AND neurological complications AND 2015[pdat]
2026-10-07T23:38:32Z	S-686-05	1	Herr H[Author] AND (postherpetic OR zoster)
2026-10-07T23:38:50Z	S-686-01	10	(articaine OR carticaine) AND (perineural OR "nerve block" OR "mental nerve" OR "inferior alveolar nerve" OR "infraorbital nerve" OR "sciatic nerve") AND (rat OR rats OR rabbit OR rabbits OR dog OR dogs OR mice OR animals)
2026-10-07T23:38:50Z	S-686-01	6	(articaine OR carticaine) AND (histolog* OR histopatholog* OR "inflammatory infiltrate" OR "tissue reaction") AND (rat OR rats OR rabbit OR rabbits OR mice OR dogs)
