paper_id,first_author,year,pmid,doi,title,journal,in_packet,file,pdf_pages,person_note,session,own_question,requesting_claim_ids,requesting_claims_current_verdicts
S-686-01,Baroni,2013,22458536,10.3109/00016357.2011.654243,Effect of articaine on mental nerve anterior portion: histological analysis in rats.,Acta Odontol Scand,yes,S-686-01 - Baroni 2013 - Effect of articaine on mental nerve anterior portion histological analysis in rats.pdf,6,Earlier free Nexus request remains on record; paper later obtained through Sci-Hub Research.,S2,"Does Baroni cite Hillerup 2011, and does it present its result as contradicting it?",C050,narrowed (uncertain)
S-686-02,Burakgazi,2020,32453094,10.1097/CND.0000000000000280,Efficacy of Electrical Stimulation on Nerve Fiber Growth in Small Fiber Neuropathy.,J Clin Neuromuscul Dis,yes,S-686-02 - Burakgazi 2020 - Efficacy of Electrical Stimulation on Nerve Fiber Growth in Small Fiber Neuropathy.pdf,8,,S3,Aetiology of the 8 SFN subjects (idiopathic?) and whether there was a randomised/untreated comparison group,A019,narrowed (uncertain)
S-686-03,Cederholm,1994,8148290,,"Sensory, motor, and sympathetic block during epidural analgesia with 0.5% and 0.75% ropivacaine with and without epinephrine.",Reg Anesth,no (not obtained; S3 tries free routes),,,,S3,Over what period was laser Doppler skin blood flow recorded during the plain-ropivacaine epidural block?,D001,narrowed (uncertain)
S-686-04,Christoph,1988,2827545,10.1016/s0196-0644(88)80293-2,Pain reduction in local anesthetic administration through pH buffering.,Ann Emerg Med,yes,S-686-04 - Christoph 1988 - Pain reduction in local anesthetic administration through pH buffering.pdf,4,,S1,What was the measured duration of skin anaesthesia after 0.5 mL of 1% mepivacaine?,D025,refuted (uncertain)
S-686-05,Cui,2017,27492741,10.1093/pm/pnw190,Effect of Repetitive Intracutaneous Injections with Local Anesthetics and Steroids for Acute Thoracic Herpes Zoster and Incidence of Postherpetic Neuralgia.,Pain Med,yes,S-686-05 - Cui 2017 - Effect of Repetitive Intracutaneous Injections with Local Anesthetics and Steroids for Acute Thoracic Herpes Zoster.pdf,7,"Publisher PDF is the full advance-access article from 2016; same requested DOI, title and authors as the 2017 issue publication.",S2,"Which steroid (and dose) did Cui 2017 inject repeatedly intracutaneously — if dexamethasone, it is an RCT-tested repeated intradermal regimen. / Cui 2017: how many intracutaneous injections per session, how many sessions, and what total volume per session?",C028 D071,narrowed (uncertain); narrowed
S-686-06,Darré,2015,25479373,10.1016/j.jmb.2014.11.016,Permeation and dynamics of an open-activated TRPV1 channel.,J Mol Biol,yes,S-686-06 - Darré 2015 - Permeation and dynamics of an open-activated TRPV1 channel.pdf,29,"Full accepted manuscript of the requested DOI, with cover page; journal publication year 2015.",S3,"the reported pore radii/diameters of the closed and open TRPV1 pore, to see whether the about 1 A and 10 A figures can be attributed",E029,narrowed (uncertain)
S-686-07,Effendy,2015,25494699,10.1111/bjd.13605,Plasma concentrations and analgesic efficacy of lidocaine and prilocaine in leg ulcer-related pain during daily application of lidocaine-prilocaine cream (EMLA™) for 10 days.,Br J Dermatol,yes,S-686-07 - Effendy 2015 - Plasma concentrations and analgesic efficacy of lidocaine and prilocaine in leg ulcer-related pain during daily app.pdf,3,Earlier free Nexus request remains on record; paper later obtained through Sci-Hub Research.,S2,"Over ten days of daily lidocaine-prilocaine application, did plasma prilocaine or methaemoglobin accumulate, and was the analgesic effect maintained? / Daily EMLA application for 10 days in leg ulcers: what pain outcomes and what cumulative exposure duration were measured, and were any patients described as having neuropathic pain?",C070 D066,narrowed (uncertain); refuted
S-686-08,Fallico,2022,34903493,10.1016/j.bjps.2021.11.022,A randomised placebo-controlled clinical trial on the efficacy of local lidocaine injections and oral citalopram for the treatment of complex regional pain syndrome.,J Plast Reconstr Aesthet Surg,no (not obtained; S3 tries free routes),,,,S3,"Where and how often were lidocaine injections given, and at what time points was the benefit over placebo measured (does it outlast the block)? / At what times after the lidocaine or placebo injections was CRPS impairment measured — does the benefit outlast the block?",D020 D026,narrowed (uncertain)
S-686-09,Gentile,2024,38019150,10.55563/clinexprheumatol/iukp4c,A multicomponent physical activity home-based intervention for fibromyalgia patients: effects on clinical and skin biopsy features.,Clin Exp Rheumatol,no (not obtained; S3 tries free routes),,,,S3,"Is the IENFD improvement a between-group difference vs the generic-exercise control or within-group only; were participants obese/diabetic? / Was the IENFD improvement a between-group difference against the generic-aerobic control, and what were the participants' BMI and diabetes status?",A029 A057,narrowed (uncertain)
S-686-10,Gewandter,2022,35312012,10.1093/pm/pnac045,Predicting Treatment Response with Sensory Phenotyping in Post-Traumatic Neuropathic Pain.,Pain Med,no (not obtained; S3 tries free routes),,,,S3,whether the hyperalgesia treatment-by-phenotype interaction was prespecified in the parent pregabalin trial's statistical analysis plan or analysed post hoc,E024,narrowed (uncertain)
S-686-11,Hart,2004,15238773,10.1097/01.aids.0000131354.14408.fb,Acetyl-l-carnitine: a pathogenesis based treatment for HIV-associated antiretroviral toxic neuropathy.,AIDS,yes,S-686-11 - Hart 2004 - Acetyl-l-carnitine a pathogenesis based treatment for HIV-associated antiretroviral toxic neuropathy.pdf,12,,S3,Was pain specifically measured and did it improve alongside the skin innervation (the abstract reports 'neuropathic grade')?,A022,narrowed (uncertain)
S-686-12,Hopman,2017,28972589,10.1038/sj.bdj.2017.782,Articaine and neurotoxicity - a review.,Br Dent J,yes,S-686-12 - Hopman 2017 - Articaine and neurotoxicity - a review.pdf,6,,S2,"Does Hopman's review cite Hillerup 2011, and does it treat the rat sciatic-nerve finding as contradicted or as consistent with the animal literature?",C050,narrowed (uncertain)
S-686-13,Johnson,2021,34706972,10.1212/WNL.0000000000012894,"Small Fiber Neuropathy Incidence, Prevalence, Longitudinal Impairments, and Disability.",Neurology,no (not obtained; S3 tries free routes),,,,S3,"Were the comorbidity odds ratios (obesity, diabetes, hypertriglyceridaemia, etc.) estimated in one multivariable model, and was alcohol included?",A055,narrowed (uncertain)
S-686-14,Kim,1979,573558,10.1213/00000539-197909000-00003,Duration of bupivacaine intradermal anesthesia when the bupivacaine is mixed with chloroprocaine.,Anesth Analg,yes,S-686-14 - Kim 1979 - Duration of bupivacaine intradermal anesthesia when the bupivacaine is mixed with chloroprocaine.pdf,3,,S1,"What volume carried the 0.5 mg of bupivacaine, and was the endpoint complete recovery?",D006,narrowed (uncertain)
S-686-15,Lakhan,2015,25800040,10.1111/pme.12728,Botulinum Toxin-A for Painful Diabetic Neuropathy: A Meta-Analysis.,Pain Med,yes,S-686-15 - Lakhan 2015 - Botulinum Toxin-A for Painful Diabetic Neuropathy A Meta-Analysis.pdf,8,,S3,"Which two trials did Lakhan 2015 pool, and were both intradermal (which would make it an earlier pooled analysis of intradermal trials only)?",C010,confirmed (uncertain)
S-686-16,Milner,2000,10758442,10.1046/j.1365-2346.2000.00596.x,Alkalinization of amide local anaesthetics by addition of 1% sodium bicarbonate solution.,Eur J Anaesthesiol,yes,S-686-16 - Milner 2000 - Alkalinization of amide local anaesthetics by addition of 1 sodium bicarbonate solution.pdf,5,,S1,Which ropivacaine concentrations stayed clear after 1 mL of 1% bicarbonate?,D017,confirmed (uncertain)
S-686-17,Morgan,1975,1138776,10.1093/bja/47.5.586,"An investigation in man into the relative potency of lignocaine, bupivacaine and etidocaine.",Br J Anaesth,yes,S-686-17 - Morgan 1975 - An investigation in man into the relative potency of lignocaine bupivacaine and etidocaine.pdf,6,Earlier free Nexus request remains on record; paper later obtained through Sci-Hub Research.,S1,Volume of the skin weals and whether full recovery was recorded.,D008,confirmed (uncertain)
S-686-18,Mülkoğlu,2020,32416719,10.1186/s12883-020-01773-6,"Notalgia paresthetica: clinical features, radiological evaluation, and a novel therapeutic option.",BMC Neurol,yes,S-686-18 - Mülkoğlu 2020 - Notalgia paresthetica clinical features radiological evaluation and a novel therapeutic option.pdf,8,,S2,Was skin anaesthesia documented after the intradermal lidocaine sessions? (free in PMC as PMC7229619),D033,narrowed (uncertain)
S-686-19,Oggiam,2025,39322522,10.1016/j.pmn.2024.08.012,Effects of Monochromatic Infrared Light on Painful Diabetic Polyneuropathy: Randomized Controlled Trial.,Pain Manag Nurs,no (not obtained; S3 tries free routes),,,,S3,"Did the control arm receive a sham (inactive) infrared device, i.e. is this a sham-controlled trial?",A052,narrowed (uncertain)
S-686-20,Padfield,1967,6054556,10.1111/j.1365-2044.1967.tb10153.x,The intradermal local analgesic action of prilocaine. A controlled double-blind comparison with lignocaine and procaine.,Anaesthesia,yes,S-686-20 - Padfield 1967 - The intradermal local analgesic action of prilocaine. A controlled double-blind comparison with lignocaine and proc.pdf,6,,S1,"Which concentrations and volumes of procaine were timed intradermally, to what endpoint, and was any solution given with adrenaline? / What concentrations and volumes of procaine were timed intradermally, and what durations were found? / Was any procaine solution given with adrenaline, and with what effect on duration?",D023 D039 D054,confirmed (uncertain); narrowed (uncertain)
S-686-21,Pedersen,2004,15333431,10.1213/01.ANE.0000143791.77608.0B,Bupivacaine in microcapsules prolongs analgesia after subcutaneous infiltration in humans: a dose-finding study.,Anesth Analg,no (not obtained; S3 tries free routes),,,Both alternate catalog and Sci-Hub downloads contained the unrelated Veselis propofol/thiopental paper. These files were excluded. Requested Pedersen paper remains pending in Nexus.,S3,Did the Pedersen 2004 microcapsules contain dexamethasone (which would make it a third human subcutaneous dexamethasone study)?,C023,narrowed (uncertain)
S-686-22,Polydefkis,2015,26313450,10.1111/jns.12138,Safety and efficacy of ranirestat in patients with mild-to-moderate diabetic sensorimotor polyneuropathy.,J Peripher Nerv Syst,yes,S-686-22 - Polydefkis 2015 - Safety and efficacy of ranirestat in patients with mild-to-moderate diabetic sensorimotor polyneuropathy.pdf,9,Earlier free Nexus request remains on record; paper later obtained through Sci-Hub Research.,S3,Did the ranirestat phase II/III trial (NCT00927914) include skin biopsy/IENFD among its exploratory endpoints?,A027,confirmed (uncertain)
S-686-23,Rames,2026,41603645,10.1097/DSS.0000000000005031,The Safety of Perioperative Liposomal Bupivacaine Injections in Dermatologic Surgery Patients.,Dermatol Surg,yes,S-686-23 - Rames 2026 - The Safety of Perioperative Liposomal Bupivacaine Injections in Dermatologic Surgery Patients.pdf,5,,S2,Was any of the liposomal bupivacaine injected intradermally (rather than subcutaneously) around dermatologic surgical sites?,D048,confirmed (uncertain)
S-686-24,Ramos,2001,11464357,10.1053/rapm.2001.24257,Does alkalinization of 0.75% ropivacaine promote a lumbar peridural block of higher quality?,Reg Anesth Pain Med,yes,S-686-24 - Ramos 2001 - Does alkalinization of 0.75 ropivacaine promote a lumbar peridural block of higher quality.pdf,6,,S1,Did the 0.75% ropivacaine with 0.012–0.015 mEq bicarbonate per 10 mL remain free of visible precipitate?,D017,confirmed (uncertain)
S-686-25,Reynolds,1976,776194,10.1093/bja/48.4.347,Intradermal study of a new local anaesthetic agent aptocaine.,Br J Anaesth,yes,S-686-25 - Reynolds 1976 - Intradermal study of a new local anaesthetic agent aptocaine.pdf,8,,S1,"What mean durations in minutes does Reynolds 1976 report for intradermal prilocaine at 1, 2 and 3%, and was lignocaine injected in the same subjects on the same day? / Does Reynolds 1976 give durations in minutes for each agent, which would make it a human head-to-head skin measurement in minutes? / What volume and endpoint (50% or complete recovery) were used for intradermal bupivacaine, mepivacaine and prilocaine, and what durations were found? / Volume and endpoint for intradermal bupivacaine 0.5%: was it timed to complete recovery at 0.1 mL? / What durations did intradermal mepivacaine 1, 2 and 3% reach — any near 2.5 hours?",C065 C066 D006 D008 D025,refuted (uncertain); narrowed (uncertain); confirmed (uncertain)
S-686-26,Samie,2026,41880518,10.1126/scitranslmed.adu0217,Engineered zinc finger repressors induce a prolonged and selective repression of SCN9A in nociceptors of nonhuman primates.,Sci Transl Med,no (not obtained; S3 tries free routes),,,,S3,"Does the NHP study report nerve or DRG histology, or any skin/corneal fibre measure? (would make 'no structural endpoint has ever been reported' false in a safety sense)",A009,confirmed (uncertain)
S-686-27,Schmittner,2010,20384691,10.1111/j.1468-3083.2010.03653.x,"Influence of high dose tumescent local anaesthesia with prilocaine on systemic interleukin (IL)-6, IL-8 and tumour necrosis factor-α.",J Eur Acad Dermatol Venereol,yes,S-686-27 - Schmittner 2010 - Influence of high dose tumescent local anaesthesia with prilocaine on systemic interleukin (IL)-6 IL-8 and tumour n.pdf,6,,S2,"Does Schmittner cite Guay, and is its recommendation framed as contradicting Guay's figure?",C071,narrowed (uncertain)
S-686-28,Schnabl,2013,23076005,10.3233/CH-2012-1629,Skin perfusion and pain evaluation with different local anaesthetics in a double blind randomized study following digital nerve block anaesthesia.,Clin Hemorheol Microcirc,yes,S-686-28 - Schnabl 2013 - Skin perfusion and pain evaluation with different local anaesthetics in a double blind randomized study following d.pdf,14,,S1,How long after the plain-ropivacaine digital block was skin perfusion recorded?,D001,narrowed (uncertain)
S-686-29,Schuhfried,1995,7771102,,[Iontophoresis in the treatment of pain].,Wien Med Wochenschr,no (not obtained; S3 tries free routes),,,,S3,"Which pain conditions were treated in the procaine iontophoresis trials, and were any chronic or neuropathic?",D065,narrowed (uncertain)
S-686-30,Sujishi,1977,287528,,[The anesthetic effect of intracutaneous injection of citanest-octapressin in man (author's transl)].,Josai Shika Daigaku Kiyo,no (not obtained; S3 tries free routes),,,,S3,"Did this study time the duration of intracutaneous prilocaine–felypressin anaesthesia in man, and at what volume?",D009,confirmed (uncertain)
S-686-31,Swerdlow,1970,4913413,10.1093/bja/42.4.335,"The duration of action of bupivacaine, prilocaine and lignocaine.",Br J Anaesth,yes,S-686-31 - Swerdlow 1970 - The duration of action of bupivacaine prilocaine and lignocaine.pdf,5,,S1,Were prilocaine solutions with adrenaline injected intradermally and timed?,D009,confirmed (uncertain)
S-686-32,Taheri,2020,32961514,10.1016/j.dsx.2020.09.019,The Effect of Intradermal Botulinum Toxin a injections on painful diabetic polyneuropathy.,Diabetes Metab Syndr,yes,S-686-32 - Taheri 2020 - The Effect of Intradermal Botulinum Toxin a injections on painful diabetic polyneuropathy.pdf,6,,S3,"Did Taheri 2020 report pain in the saline-injected foot of the one-foot group, and was the both-feet dose 150 U per foot or in total?",C008,narrowed (uncertain)
S-686-33,Tajiri,1998,9520891,10.1097/00003086-199802000-00024,Common peroneal nerve block for sciatica.,Clin Orthop Relat Res,yes,S-686-33 - Tajiri 1998 - Common peroneal nerve block for sciatica.pdf,5,"Verified scanned publisher article: exact title, Tajiri/Takahashi/Ikeda/Tomita, Clinical Orthopaedics and Related Research no. 347, February 1998, journal pages 203-207. DOI discovered in Sci-Hub Research catalog; original spreadsheet has no DOI. Earlier free Nexus request remains on record; paper later obtained through Sci-Hub Research.",S1,When was pain measured after the lidocaine vs saline peroneal block (minutes or weeks)?,D020,narrowed (uncertain)
S-686-34,Teixeira-Fonseca,2021,34217764,10.1016/j.lfs.2021.119761,Eugenol interacts with cardiac sodium channel and reduces heart excitability and arrhythmias.,Life Sci,no (not obtained; S3 tries free routes),,,,S3,"whether the paper reports a numeric IC50 (or Kd) for eugenol at human Nav1.5, and at what holding potential and temperature",E000,narrowed (uncertain)
S-686-35,Todd,1992,1590615,10.1016/s0196-0644(05)82787-8,Effect of body locale and addition of epinephrine on the duration of action of a local anesthetic agent.,Ann Emerg Med,yes,S-686-35 - Todd 1992 - Effect of body locale and addition of epinephrine on the duration of action of a local anesthetic agent.pdf,4,Earlier free Nexus request remains on record; paper later obtained through Sci-Hub Research.,S1,"What epinephrine concentration did Todd use, and what were the calf durations with and without epinephrine?",C081,narrowed (uncertain)
S-686-36,Wang,2008,18806059,10.1213/ane.0b013e318182401b,Use of bulleyaconitine A as an adjuvant for prolonged cutaneous analgesia in the rat.,Anesth Analg,yes,S-686-36 - Wang 2008 - Use of bulleyaconitine A as an adjuvant for prolonged cutaneous analgesia in the rat.pdf,9,,S2,"Did Wang 2008 examine intraepidermal fibres (PGP9.5) in plain lidocaine/epinephrine-injected skin, and quantitatively? (Free in PMC as PMC2712758; retrieval failed.) / Were skin nerve fibres (PGP9.5) examined after lidocaine–epinephrine alone, and with what result? (free in PMC as PMC2712758, but the PMC page returned a bot check and Europe PMC full text was unavailable)",C046 D013,narrowed (uncertain)
S-686-37,Wang,2011,21514055,10.1016/j.pain.2011.03.010,GRK2 in sensory neurons regulates epinephrine-induced signalling and duration of mechanical hyperalgesia.,Pain,yes,S-686-37 - Wang 2011 - GRK2 in sensory neurons regulates epinephrine-induced signalling and duration of mechanical hyperalgesia.pdf,10,,S2,"What epinephrine dose and route did Wang use, and does the 3-to-4-day window follow a single intradermal injection comparable to Khasar's?",C090,narrowed (uncertain)
S-686-38,Wiesmann,2018,29416372,10.2147/JPR.S152230,Effect of bupivacaine and adjuvant drugs for regional anesthesia on nerve tissue oximetry and nerve blood flow.,J Pain Res,yes,S-686-38 - Wiesmann 2018 - Effect of bupivacaine and adjuvant drugs for regional anesthesia on nerve tissue oximetry and nerve blood flow.pdf,9,,S2,"What epinephrine concentration and volume did Wiesmann use? If 1:400,000, it would be a second measurement of flow inside a nerve at that concentration.",C074,confirmed (uncertain)
S-686-39,Wightman,1976,791022,10.1097/00000542-197612000-00024,Comparison of compounds used for intradermal anesthesia.,Anesthesiology,yes,S-686-39 - Wightman 1976 - Comparison of compounds used for intradermal anesthesia.pdf,3,"Visual verification: title, Mark A. Wightman / Robert W. Vaughan, Anesthesiology 1976 volume 45 no. 6; complete journal pages 687-689 in scanned PDF.",S1,Did Wightman and Vaughan 1976 time intradermal anaesthesia with paraben-containing versus benzyl-alcohol or plain solutions?,C038,confirmed (uncertain)
S-686-40,Willatts,1985,4041306,10.1093/bja/57.10.1006,Comparison of the vasoactivity of amide and ester local anaesthetics. An intradermal study.,Br J Anaesth,yes,S-686-40 - Willatts 1985 - Comparison of the vasoactivity of amide and ester local anaesthetics. An intradermal study.pdf,6,,S1,Read the mean duration for 1% procaine off the duration-by-concentration figure.,D039,narrowed (uncertain)
S-686-41,Yasuda,2000,10834436,10.2337/diacare.23.5.705b,Effect of aldose reductase inhibitor on cutaneous nerve fiber length in diabetic patients.,Diabetes Care,yes,S-686-41 - Yasuda 2000 - Effect of aldose reductase inhibitor on cutaneous nerve fiber length in diabetic patients.pdf,17,"Complete requested Yasuda letter is on PDF page 7 (journal page 705) of this 17-page Letters section. Title, author, year, body and references checked; no publisher PDF modification.",S3,"Which aldose reductase inhibitor was used (epalrestat?), was there a control group, and was cutaneous nerve fibre length a treatment outcome? / Nature of the 2000 letter (agent, design)",A026 A027,confirmed (uncertain)
S-686-42,Alam,2010,20462662,10.1016/j.jaad.2009.08.046,Safety of peak serum lidocaine concentration after Mohs micrographic surgery: a prospective cohort study.,J Am Acad Dermatol,yes,S-686-42 - Alam 2010 - Safety of peak serum lidocaine concentration after Mohs micrographic surgery a prospective cohort study.pdf,6,Spreadsheet DOI differs from the DOI printed in the requested title/author/year PDF. Nexus title and PMID 20462662 searches both returned the same paper.,S2,Alam 2010: how many separate infiltrations per session and what sampling schedule - does any part of the protocol approximate a session of many small skin deposits?,D069,confirmed
S-686-43,Flondell,2017,27403887,10.1080/2000656X.2016.1205503,"Carpal tunnel syndrome treated with guided brain plasticity: a randomised, controlled study.",J Plast Surg Hand Surg,yes,S-686-43 - Flondell 2017 - Carpal tunnel syndrome treated with guided brain plasticity a randomised controlled study.pdf,7,Publisher PDF includes a cover and the full advance-online article from 2016; same requested DOI/title/authors as the 2017 issue publication. Earlier free Nexus request remains on record; paper later obtained through Sci-Hub Research.,S2,"Flondell 2017: does the reported Boston CTS questionnaire symptom severity outcome include pain items, and is pain reported separately from numbness?",D067,narrowed
S-686-44,Klingenström,1964,14272296,10.1111/j.1399-6576.1964.tb00247.x,"LOCAL TISSUE-OXYGEN TENSION AFTER ADRENALINE, NORADRENALINE AND OCTAPRESSIN IN LOCAL ANAESTHESIA.",Acta Anaesthesiol Scand,yes,S-686-44 - Klingenström 1964 - LOCAL TISSUE-OXYGEN TENSION AFTER ADRENALINE NORADRENALINE AND OCTAPRESSIN IN LOCAL ANAESTHESIA.pdf,6,"Visual verification: exact title, P. Klingenstrom and L. Westermark, Acta Anaesthesiol Scand 1964 volume 8; complete pages 261-266. Klingenstroem in spreadsheet is a spelling variant.",S2,"How long did Klingenstroem follow local tissue oxygen tension after adrenaline, and in what species?",C084,narrowed
S-686-45,Moghtaderi,2009,19845100,,EMLA cream for carpal tunnel syndrome: how it compares with steroid injection.,Electromyogr Clin Neurophysiol,no (not obtained; S3 tries free routes),,,,S3,"Moghtaderi 2009: exact daily regimen (amount, contact time, occlusion) and the VAS pain change in the cream arm over four weeks.",D066,refuted
S-686-46,Petramfar,2016,27166709,10.1007/s10072-016-2600-3,"Trachyspermum ammi 10 % topical cream versus placebo on neuropathic pain, a randomized, double-blind, placebo-controlled trial.",Neurol Sci,yes,S-686-46 - Petramfar 2016 - Trachyspermum ammi 10 topical cream versus placebo on neuropathic pain a randomized double-blind placebo-controlled.pdf,7,,S3,"the aetiology and work-up of the 92 patients with burning feet (diabetic, idiopathic, biopsy or QST), which decides whether this is a positive randomised topical result in a population overlapping idiopathic SFN",E005,confirmed
S-686-47,Troullos,1987,3472472,,Plasma epinephrine levels and cardiovascular response to high administered doses of epinephrine contained in local anesthesia.,Anesth Prog,yes,S-686-47 - Troullos 1987 - Plasma epinephrine levels and cardiovascular response to high administered doses of epinephrine contained in local .pdf,4,Earlier free Nexus request remains on record; paper later obtained through Sci-Hub Research.,S2,"Troullos 1987: how many subjects, were any cardiac patients included, and what total epinephrine amount was given relative to the conventional cardiac limit?",D074,narrowed
S-686-48,Varghese,2024,38429571,10.1038/s41390-024-03113-7,Eutectic mixture of local anesthetics and amethocaine as topical anesthetics in pediatrics: a meta-analysis.,Pediatr Res,yes,S-686-48 - Varghese 2024 - Eutectic mixture of local anesthetics and amethocaine as topical anesthetics in pediatrics a meta-analysis.pdf,6,,S2,"Varghese 2024: how many trials and children were pooled, and what are the effect estimates with confidence intervals for each outcome?",D068,refuted
