page,url,version_tested,claims_tested,claim_ids,note
Alternative Treatments For Growing Back Nerves In SFN,https://app.notion.com/p/1d410b7903aa80b684fce440ab72ee3d,2026-09-26T18:25:56.958Z,36,A000 A001 A002 A003 A004 A005 A006 A007 A008 A009 A010 A011 A012 A013 A014 A015 A016 A017 A018 A019 A020 A021 A022 A023 A024 A025 A026 A027 A028 A029 A030 A031 A032 A033 A034 A035,"treatment page, tested 7 Oct"
Comparing the injectable local anesthetics for intradermal wheals,https://app.notion.com/p/3c510b7903aa81208d4fe305e7cb069b,2026-10-02T03:14:02.626Z,26,D000 D001 D002 D003 D004 D005 D006 D007 D008 D009 D010 D011 D012 D013 D014 D015 D016 D017 D018 D019 D020 D021 D022 D023 D024 D025,"treatment page, tested 7 Oct"
Injectables ruled out but not tried,https://app.notion.com/p/3d310b7903aa81fca5adcc979f03c0d5,2026-10-02T03:14:22.080Z,8,D045 D046 D047 D048 D049 D050 D051 D052,"treatment page, tested 7 Oct"
List Of Alternative Treatments For SFN (Not Including Nerve Growth),https://app.notion.com/p/1d410b7903aa8050b4f4fb12508d2862,2026-09-26T18:23:49.097Z,19,A036 A037 A038 A039 A040 A041 A042 A043 A044 A045 A046 A047 A048 A049 A050 A051 A052 A053 A054,"treatment page, tested 7 Oct"
Menthol Formulations & Science,https://app.notion.com/p/34610b7903aa80129954f58e0385b05e,2026-10-02T03:14:32.680Z,15,E030 E031 E032 E033 E034 E035 E036 E037 E038 E039 E040 E041 E042 E043 E044,"treatment page, tested 7 Oct"
"Non-drug treatments for SFN — what survives blinding, and what you can get in Mexico",https://app.notion.com/p/3d410b7903aa81459170f45b4b02f289,2026-09-22T09:09:37.946Z,31,A055 A056 A057 A058 A059 A060 A061 A062 A063 A064 A065 A066 A067 A068 A069 A070 A071 A072 A073 A074 A075 A076 A077 A078 A079 A080 A081 A082 A083 A084 A085,"treatment page, tested 7 Oct"
"Pain biology, ion channels, and topical anesthetics for small fiber neuropathy",https://app.notion.com/p/34210b7903aa8002aad4eba9787cb947,2026-09-26T18:29:03.713Z,30,E000 E001 E002 E003 E004 E005 E006 E007 E008 E009 E010 E011 E012 E013 E014 E015 E016 E017 E018 E019 E020 E021 E022 E023 E024 E025 E026 E027 E028 E029,"treatment page, tested 7 Oct"
Prilocaine + Lidocaine,https://app.notion.com/p/33110b7903aa8024a793d7249262b267,2026-10-02T03:14:00.887Z,3,D066 D067 D068,"treatment page, tested 7 Oct"
Procaine / Novocaine,https://app.notion.com/p/31910b7903aa80d1a022fa3b5cb01b5c,2026-09-26T18:25:29.323Z,13,D053 D054 D055 D056 D057 D058 D059 D060 D061 D062 D063 D064 D065,"treatment page, tested 7 Oct"
Relief that outlasts the block — and whether the whole list is optimising the wrong thing,https://app.notion.com/p/3d310b7903aa811cb51bcca149b3de73,2026-10-02T03:14:06.492Z,19,D026 D027 D028 D029 D030 D031 D032 D033 D034 D035 D036 D037 D038 D039 D040 D041 D042 D043 D044,"treatment page, tested 7 Oct"
Safe Doses Of Intradermal Analgesics,https://app.notion.com/p/3c610b7903aa80b9be8cfcefc13161f7,2026-10-02T03:13:58.754Z,7,D069 D070 D071 D072 D073 D074 D075,"treatment page, tested 7 Oct"
Systemic drugs for neuropathic pain — the scale everything topical is measured against,https://app.notion.com/p/3d410b7903aa813f91fce8bb0b819330,2026-09-22T09:09:36.285Z,10,A086 A087 A088 A089 A090 A091 A092 A093 A094 A095,"treatment page, tested 7 Oct"
adjuvants-without-a-vasoconstrictor,https://app.notion.com/p/3d310b7903aa81fbb5b9e999637c362a,2026-10-02T03:14:20.685Z,18,C013 C014 C015 C016 C017 C018 C019 C020 C021 C022 C023 C024 C025 C026 C027 C028 C029 C030,"treatment page, tested 7 Oct"
articaine-wheals,https://app.notion.com/p/3c510b7903aa816f989ad4276f79887e,2026-10-02T03:14:14.446Z,16,C049 C050 C051 C052 C053 C054 C055 C056 C057 C058 C059 C060 C061 C062 C063 C064,"treatment page, tested 7 Oct"
botulinum-toxin-wheals,https://app.notion.com/p/3c510b7903aa81e7ba6aff740e868a71,2026-10-02T03:14:16.296Z,13,C000 C001 C002 C003 C004 C005 C006 C007 C008 C009 C010 C011 C012,"treatment page, tested 7 Oct"
prilocaine-wheals,https://app.notion.com/p/3c510b7903aa8159a5d9e4447ec15409,2026-10-02T03:14:12.541Z,7,C065 C066 C067 C068 C069 C070 C071,"treatment page, tested 7 Oct"
💉 Lidocaine With Epinephrine Wheals,https://app.notion.com/p/3c610b7903aa801c906fcde8b5c43674,2026-09-26T18:28:27.736Z,23,C072 C073 C074 C075 C076 C077 C078 C079 C080 C081 C082 C083 C084 C085 C086 C087 C088 C089 C090 C091 C092 C093 C094,"treatment page, tested 7 Oct"
"🔬 The intradermal wheal literature nobody cites, and the two conclusions it overturned",https://app.notion.com/p/3d410b7903aa8107a042d4e7f6540c1a,2026-10-02T03:14:04.610Z,18,C031 C032 C033 C034 C035 C036 C037 C038 C039 C040 C041 C042 C043 C044 C045 C046 C047 C048,"treatment page, tested 7 Oct"
Ropivacaine Wheals,https://app.notion.com/p/2c010b7903aa83a0b9e3813036c9d26e,not yet tested,,,S1 tests it
mepivacaine-wheals,https://app.notion.com/p/3c510b7903aa8152b01bf10e2f980185,not yet tested,,,S1 tests it
bupivacaine-wheals,https://app.notion.com/p/3d310b7903aa81469517da5f7c05e37d,not yet tested,,,S1 tests it
2 — Reference — Topical Treatments for Small Fiber Neuropathy (source register S1–S457 at the end),https://app.notion.com/p/3d410b7903aa81a4ada4c3830a567c65,read 2026-10-01T02:05Z,,,reference: cites many of the papers
1 — Product Guide — Topical Treatments for Small Fiber Neuropathy,https://app.notion.com/p/3d410b7903aa81c0815ad3c7c6c2d17f,read 2026-10-02T03:14Z,,,guide: rankings that rest on the Reference
5 — Soft ground in these documents,https://app.notion.com/p/3d410b7903aa81e88fbdc2ab883b1403,read 2026-09-26T18:26Z,,,open questions about sources
"What is still unsettled across these pages, and what would settle each one",https://app.notion.com/p/3d410b7903aa819f8300e976a62577db,read 2026-09-26T18:23Z,,,open questions; asked for S-686
"What transfers from diabetic neuropathy trials to idiopathic small fiber neuropathy, and what does not",https://app.notion.com/p/3d410b7903aa813681e9c27892149a17,read 2026-09-26T18:27Z,,,names the treatment pages
"What was searched for and does not exist, so it is not searched for again",https://app.notion.com/p/3d410b7903aa8169b833f5997631cc82,read 2026-09-27T00:27Z,,,register of absences
"Looking For Pain Numbing Creams In Mexico, the US, Colombia, & Europe (hub)",https://app.notion.com/p/3d210b7903aa80e8a502ffa1e92e930e,,,,hub of the topical series
